ID,VIP,GroupContrib,mz,RT,SpectrumID,Compound_Name,EffectSize,LowerLimitCI,UpperLimitCI,Category,,
3664,1.17,WT,251.1015,2.4308,CCMSLIB00012716580,kynurenine-C2:0,-0.2292,-0.4633,0.0347,N-Acyl Lipds,,
1828,1.42,Mut,192.0682,1.1814,CCMSLIB00012716062,methionine-C2:0,0.2323,-0.0403,0.4728,N-Acyl Lipds,,
10827,1.75,Mut,399.3274,4.8434,CCMSLIB00012717981,asparagine-C18:0,0.1469,0.0066,0.2815,N-Acyl Lipds,,
1068,1.62,Mut,189.1226,0.3230,CCMSLIB00012473696,proline-C3:0,0.2277,-0.0463,0.4698,N-Acyl Lipds,,
1275,1.02,WT,146.0806,0.5287,CCMSLIB00012715428,glycine-C4:0,-0.1546,-0.4055,0.1179,N-Acyl Lipds,,
936,3.32,WT,353.1955,0.4582,CCMSLIB00012176355,tryptamine-C10:0,-0.5128,-0.7000,-0.2596,N-Acyl Lipds,,
1200,3.97,Mut,160.0962,0.5479,CCMSLIB00012471699,5-aminovaleric acid-C2:0,0.5897,0.3437,0.7600,N-Acyl Lipds,,
,,,,,,,,,,,,
581,3.21,Mut,146.0919,0.3055,CCMSLIB00005884505,4-guanidinobutanoate,0.5307,0.2594,0.7243,Neurotransmitters,,
905,2.24,WT,177.1015,0.4491,CCMSLIB00006683082,serotonin,-0.5260,-0.7139,-0.2676,Neurotransmitters,,
555,1.10,Mut,166.0856,0.5006,CCMSLIB00005885031,phenylalanine,0.1779,-0.0871,0.4195,Neurotransmitters,,
,,,,,,,,,,,,
11034,1.81,Mut,504.3014,4.9605,CCMSLIB00003135141,LysoPC(15:0),0.2020,0.0099,0.3797,Lipids,,
11439,2.00,WT,494.3220,4.8181,CCMSLIB00006678147,LysoPC(16:1),-0.3116,-0.5393,-0.0414,Lipids,,
11408,3.01,Mut,508.3378,5.0484,CCMSLIB00010083916,LysoPC(17:1),0.4079,0.2040,0.5779,Lipids,,
12038,1.83,WT,544.3351,5.2902,CCMSLIB00003137471,LysoPC(18:1),-0.3193,-0.5451,-0.0504,Lipids,,
11548,2.89,WT,546.3534,5.1714,CCMSLIB00010056971,LysoPC(20:3),-0.4048,-0.6156,-0.1400,Lipids,,
12321,1.82,WT,454.2896,5.1770,CCMSLIB00005738632,LysoPE(16:0),-0.1546,-0.2952,-0.0075,Lipids,,
11070,1.31,WT,502.2908,4.9706,CCMSLIB00010057309,LysoPE(20:4),-0.2603,-0.4916,0.0053,Lipids,,
16605,1.54,Mut,810.5919,6.9711,CCMSLIB00003138207,PC(18:0/20:4),0.1826,-0.0646,0.4086,Lipids,,
15655,1.61,Mut,813.6781,6.6180,CCMSLIB00003135664,SM(d18:1/24:1),0.1702,-0.0181,0.3468,Lipids,,
14509,1.90,WT,263.2359,6.2013,CCMSLIB00003140036,conjugated linoleic acid,-0.2626,-0.4977,0.0084,Lipids,,
18540,2.32,WT,675.6734,7.5390,CCMSLIB00003139957,13-docosenamide,-0.3380,-0.5566,-0.0756,Lipids,,
13428,2.97,WT,303.2305,5.5553,CCMSLIB00003136423,8-HETE,-0.4779,-0.6745,-0.2180,Lipids,,
,,,,,,,,,,,,
9680,1.74,WT,616.1739,4.4463,CCMSLIB00003139157,hemin cation,-0.2587,-0.4726,-0.0161,Heme,,
8674,1.75,Mut,583.2520,4.1233,CCMSLIB00004691163,biliverdin,0.2432,0.0088,0.4523,Heme,,
,,,,,,,,,,,,
240,1.78,Mut,175.1182,0.2324,CCMSLIB00003135748,arginine,0.3054,0.0317,0.5365,Amino Acids,,
1315,1.45,Mut,132.1015,0.5568,CCMSLIB00005884649,norleucine,0.2836,0.0057,0.5208,Amino Acids,,
3422,1.89,Mut,174.1118,2.3467,CCMSLIB00005884879,n-acetyleucine,0.3333,0.0644,0.5572,Amino Acids,,
1096,2.29,Mut,231.1329,0.5098,CCMSLIB00012473814,proline,0.3357,0.0627,0.5619,Amino Acids,,
717,2.10,Mut,133.1047,0.3665,CCMSLIB00005884443,ornithine,0.3302,0.0590,0.5560,Amino Acids,,
,,,,,,,,,,,,
2482,4.46,Mut,180.0647,1.8297,CCMSLIB00005883437,hippurate,0.7141,0.4572,0.8610,Other,,
1035,1.94,Mut,127.0498,0.4904,CCMSLIB00005883762,thymine,0.2821,0.0478,0.4869,Other,,
510,2.50,WT,132.0763,0.2897,CCMSLIB00005883809,creatine,-0.3970,-0.6128,-0.1262,Other,,