ID,comp1,GroupContrib,mz,RT,Corr_ID,SpectrumID,Compound_Name,Adduct,adduct,NPC#pathway,NPC#superclass,NPC#class,EffectSize,LowerLimitCI,UpperLimitCI
2482,4.457933457199159,Mut,180.0647405926194,1.8297001,NA,CCMSLIB00005883437,hippurate,M+H,[M + H]+,Amino acids and Peptides,Small peptides,Aminoacids,0.7140637140637142,0.4572345846478132,0.8609602373225002
1200,3.9664366221981404,Mut,160.09617434452932,0.54794365,NA,CCMSLIB00012471699,c2:0 n-acyl 5-aminovaleric acid,[M+H]+,[M + H]+,Amino acids and Peptides,Small peptides,Unsaturated fatty acids,0.5897435897435898,0.3437178613841457,0.7600119055695568
936,3.3248398980488285,WT,353.19551774608306,0.45816326,NA,CCMSLIB00012176355,c10_0_n-acyl_tryptamine,M+K,[M + H]+,Alkaloids,Tryptophan alkaloids,Pyridine alkaloids,-0.5128205128205129,-0.7000371203775627,-0.25964261409458833
581,3.207358306694786,Mut,146.09186194807825,0.3054737,NA,CCMSLIB00005884505,4-guanidinobutanoate,M+H,[M + H]+,Amino acids and Peptides,Small peptides,Aminoacids,0.5306915306915307,0.2594247422699615,0.7243435031451185
11408,3.013325168464003,Mut,508.33776302499336,5.0483704,NA,CCMSLIB00010083916,pc(17:1/0:0); [m+h]+ c25h51n1o7p1,M+H,[M + H]+,Fatty acids,Glycerophospholipids,Glycerophosphocholines,0.40792540792540793,0.20397604016022897,0.5779388106183436
13428,2.9731370454469626,WT,303.2305105293528,5.55528,37,CCMSLIB00003136423,8-hete,M+H-H2O,[M + H]+,Fatty acids,Fatty Acids and Conjugates,Unsaturated fatty acids,-0.4778554778554778,-0.6744582539217208,-0.21797182632867557
11548,2.8934570792012786,WT,546.3533727815937,5.171356,NA,CCMSLIB00010056971,pc(20:3/0:0); [m+h]+ c28h53n1o7p1,M+H,[M + H]+,Fatty acids,Glycerophospholipids,Glycerophosphocholines,-0.4048174048174048,-0.6156166864928898,-0.1399538450387787
440,2.632618998655886,Mut,218.1377504300524,0.38935614,415,CCMSLIB00005885043,propionylcarnitine,M+H,[M + H]+,Fatty acids,Fatty esters,Fatty acyl carnitines,0.4809634809634809,0.2113266957939206,0.6825721814585911
510,2.5046748436422956,WT,132.0763123793527,0.2897299,NA,CCMSLIB00005883809,creatine,M+H,[M + H]+,Amino acids and Peptides,Small peptides,Aminoacids,-0.39704739704739694,-0.6128145062670433,-0.12618539202240142
1889,2.4602805560971164,WT,232.15332141354708,1.1894609,NA,CCMSLIB00005885050,butyrylcarnitine,M+H,[M + H]+,Fatty acids,Fatty esters,Fatty acyl carnitines,-0.32090132090132106,-0.5430894318175954,-0.05671516063547512
9972,2.4540203665279416,Mut,415.2097519750504,4.708724,59,CCMSLIB00006126983,austinoneol,M+H,[M + H]+,Terpenoids,Lignans,Dibenzylbutane lignans,0.40637140637140645,0.13348593614050336,0.621979432103798
2408,2.3518394161029286,Mut,246.16890340842244,1.833135,NA,CCMSLIB00005885056,isovalerylcarnitine,M+H,[M + H]+,Fatty acids,Fatty esters,Fatty acyl carnitines,0.48407148407148404,0.23855088354790766,0.671428308178275
18540,2.3215966402785577,WT,675.6734019793549,7.538994,NA,CCMSLIB00003139957,"13-docosenamide, (z)-",2M+H,[M + H]+,Fatty acids,Fatty amides,N-acyl amines,-0.3379953379953379,-0.5565791445796425,-0.07564711164818486
8828,2.3046279767931743,WT,426.3195469933855,4.175406,108,CCMSLIB00004691586,cholic acid,[M+NH4]+,[M + H3N + H]+,Terpenoids,Steroids,Cholane steroids,-0.31313131313131315,-0.5389871442195329,-0.045268858935208905
1096,2.2897199676807665,Mut,231.1328755409488,0.50978005,NA,CCMSLIB00012473814,proline,[2M+H]+,[M + H]+,Amino acids and Peptides,Small peptides,Dipeptides,0.33566433566433557,0.06270969886731319,0.5618992366695751
9232,2.2614327546274042,Mut,230.246873797268,4.2604413,NA,CCMSLIB00000579701,"""n,n-dimethyldodecylamine n-oxide""",M+H,[M + H]+,Fatty acids,Fatty acyls,Fatty alcohols,0.34887334887334887,0.0817012759608176,0.5692664919100608
914,2.2396577550701497,WT,160.07503237733877,0.4527829,204,CCMSLIB00006673656,5_hydroxy_tryptophol,M-H2O+H,[M + H]+,Alkaloids,Tryptophan alkaloids,Simple indole alkaloids,-0.526029526029526,-0.713667921888231,-0.26795561225569015
905,2.2352584209318,WT,177.1014860185171,0.44910285,204,CCMSLIB00006683082,serotonin,M+H,[M + H3N + H]+,Alkaloids,Tryptophan alkaloids,Simple indole alkaloids,-0.526029526029526,-0.7138661557113106,-0.2675804710112464
8979,2.1496985239202084,WT,500.3017742684529,3.9905858,19,CCMSLIB00010224015,"""candidate dihydroxylated bile acid (delta mass 107.0034; buddy atomic difference: 2c, 5h, 1n, 2o, 1s; spectral library match to ccmslib00003138870, tauroursodeoxycholic acid)""",M+H,[M + H]+,Terpenoids,Steroids,Cholane steroids,-0.20590520590520597,-0.37276797012678853,-0.026143041186745805
14872,2.124732042128289,WT,424.3041140157584,6.3072734,NA,CCMSLIB00012472260,"1-(2,5-dioxoimidazolidin-4-yl)urea_octadecanoyl chloride (chimeric precursor selection)",[M]+,[M + H3N + H]+,Terpenoids,Diterpenoids,Drimane sesquiterpenoids,-0.3092463092463094,-0.5363313967533575,-0.040410307303066925
717,2.0967453310766357,Mut,133.10473814195365,0.3665499,NA,CCMSLIB00005884443,ornithine,M+H,NA,NA,NA,NA,0.3302253302253302,0.058998592289332887,0.5560487209309988
3606,2.0931963852915745,Mut,153.0540751396782,2.410104,NA,CCMSLIB00010111341,vanillin collisionenergy:102040,M+H,[M + H]+,Shikimates and Phenylpropanoids,Phenylpropanoids (C6-C3),Cinnamic acids and derivatives,0.38306138306138293,0.10498121139282912,0.605582360464414
8835,2.082914285381239,WT,373.27222753245303,4.175163,108,CCMSLIB00010244897,"""candidate trihydroxylated bile acid (delta mass -36.021; sirius atomic difference: -4h, -2o; buddy atomic difference: -4h, -2o; spectral library match to ccmslib00003136574, cholic acid)""",M+H,[M - H4O2 + H]+,Terpenoids,Steroids,Cholane steroids,-0.2191142191142191,-0.42817786535756397,0.012211811220574593
8836,2.0792041712588336,WT,834.603935412487,4.176535,108,CCMSLIB00010218143,"""candidate trihydroxylated bile acid (delta mass 425.3133; sirius atomic difference: 20c, 39h, 7n, 3o; buddy atomic difference: 24c, 43h, 1n, 5o; spectral library match to ccmslib00005435981, cholic acid)""",M+H,NA,NA,NA,NA,-0.21989121989121993,-0.3998288943680381,-0.02363394665701657
494,2.052713365605263,WT,202.17931992621328,0.29779884,NA,CCMSLIB00005774329,"massbank:au252106 4-hydroxy-1-(2-hydroxyethyl)-2,2,6,6-tetramethylpiperidine|1-piperidineethanol, 4-hydroxy-2,2,6,6-tetramethyl-|1-(2-hydroxyethyl)-2,2,6,6-tetramethylpiperidin-4-ol",M+H,[M + H]+,Alkaloids,Lysine alkaloids,Piperidine alkaloids,-0.3317793317793318,-0.5451455190841614,-0.07804575254029517
8364,2.048362798299636,WT,522.28386851732,3.9739187,506,CCMSLIB00003138802,tauroursodeoxycholic acid,M+Na,[M + H]+,Alkaloids,Nicotinic acid alkaloids,Pyridine alkaloids,-0.2727272727272727,-0.43829351082787515,-0.08926099721978814
7972,2.0210446528932255,Mut,223.09371838145125,3.9053154,389,CCMSLIB00003135966,diethyl phthalate,M+H,[M + H]+,Shikimates and Phenylpropanoids,Phenolic acids (C6-C1),Simple phenolic acids,0.2812742812742813,0.0019962504002505486,0.5198501073887776
11439,1.9958497303245641,WT,494.3220392981731,4.818121,483,CCMSLIB00006678147,lyso pc (16:1),M+H,[M + H]+,Fatty acids,Glycerophospholipids,Glycerophosphocholines,-0.3115773115773115,-0.5393034566533004,-0.041386209544860234
8504,1.954538156874234,WT,517.3282968980449,3.9624457,19,CCMSLIB00010223261,"""candidate dihydroxylated bile acid (delta mass 124.0299; buddy atomic difference: 10c, 4h; spectral library match to ccmslib00006680044, tauroursodeoxycholic acid)""",M+H,[M + H3N + H]+,Terpenoids,Steroids,Cholane steroids,-0.20512820512820495,-0.40967058705170833,0.019052607769811526
1335,1.9493554917097375,Mut,232.15332857807547,0.6887432,NA,CCMSLIB00005885050,butyrylcarnitine,M+H,[M + H]+,Fatty acids,Fatty esters,Fatty acyl carnitines,0.30069930069930073,0.03931400265688987,0.5235677088493262
1035,1.944360138067317,Mut,127.04983233006833,0.49038738,NA,CCMSLIB00005883762,thymine,M+H,[M + H]+,Alkaloids,Pseudoalkaloids,pteridine alkaloids,0.2820512820512821,0.04776121298435735,0.48692437330379545
11867,1.922667205184022,WT,522.353475767541,5.293702,258,CCMSLIB00010055770,pc(0:0/18:1); [m+h]+ c26h53n1o7p1,M+H,[M + H]+,Fatty acids,Glycerophospholipids,Glycerophosphocholines,-0.296037296037296,-0.5260551704825426,-0.02566042087757408
14509,1.900749696166124,WT,263.23592453610985,6.2012596,NA,CCMSLIB00003140036,"conjugated linoleic acid (9e,11e)",M+H-H2O,[M + H]+,Fatty acids,Fatty acyls,Farnesane sesquiterpenoids,-0.2626262626262625,-0.49769692178108066,0.0083855786424801
1097,1.8988056792407688,Mut,253.11467714211255,0.50934017,NA,CCMSLIB00012473811,proline,[2M+Na]+,[M + Na]+,Amino acids and Peptides,Small peptides,Dipeptides,0.2867132867132867,0.013690161611381736,0.5199505112197713
3422,1.8936538130963128,Mut,174.11179309534398,2.34669,NA,CCMSLIB00005884879,n-acetyleucine,M+H,[M + H]+,Amino acids and Peptides,Small peptides,Dipeptides,0.3333333333333334,0.06435040374886848,0.5571617462457341
6057,1.8484076320781662,WT,533.3231842857091,3.2977898,91,CCMSLIB00010222623,"""candidate trihydroxylated bile acid (delta mass 124.0315; sirius atomic difference: 2c, 8h, 2n, 2o, 1s; buddy atomic difference: 6c, 6n, -2o; spectral library match to ccmslib00006680127, taurocholic acid)""",M+H,[M + H3N + H]+,Terpenoids,Steroids,Cholane steroids,-0.26651126651126644,-0.48663604396719984,-0.014565048410053126
12038,1.830555942193319,WT,544.3351404487566,5.2901626,258,CCMSLIB00003137471,1-(9z-octadecenoyl)-sn-glycero-3-phosphocholine,M+Na,[M + Na]+,Fatty acids,Glycerophospholipids,Glycerophosphocholines,-0.3193473193473193,-0.5451329954533318,-0.0503675245864389
12321,1.8214817672892563,WT,454.2895887266589,5.1770415,NA,CCMSLIB00005738632,massbank:rp026102 1-palmitoyl-2-hydroxy-sn-glycero-3-phosphoethanolamine|1-palmitoyl-sn-glycero-3-phosphoethanolamine|2-azaniumylethyl [(2r)-3-hexadecanoyloxy-2-hydroxypropyl] phosphate,M+H,[M + H]+,Fatty acids,Glycerophospholipids,Glycerophosphoethanolamines,-0.15462315462315462,-0.29515771474709745,-0.007539812359055406
11034,1.8125298436722945,Mut,504.30144833169345,4.960544,27,CCMSLIB00003135141,1-pentadecanoyl-sn-glycero-3-phosphocholine,M+Na,[M + Na]+,Fatty acids,Glycerophospholipids,Glycerophosphocholines,0.20202020202020207,0.00992554699681436,0.3797348334271259
549,1.8002551737257548,Mut,258.10880748155785,0.302214,NA,CCMSLIB00006679241,sn-glycero-3-phosphocholine,M+H,[M + H]+,Carbohydrates,Nucleosides,Pyrimidine nucleos(t)ides,0.30225330225330227,0.024777781821632282,0.536488861666581
240,1.781427600151915,Mut,175.11822191377212,0.23243174,107,CCMSLIB00003135748,arginine,M+H,[M + H]+,Amino acids and Peptides,Small peptides,Aminoacids,0.30536130536130535,0.031655543062272584,0.5364638036507043
8833,1.7658060607712975,WT,839.5591961342665,4.1790924,108,CCMSLIB00003138074,cholic acid,2M+Na,NA,NA,NA,NA,-0.17327117327117333,-0.36771934517817534,0.03569384512690498
2127,1.7623203842656787,WT,232.15323937924,1.4616412,NA,CCMSLIB00005885050,butyrylcarnitine,M+H,[M + H]+,Fatty acids,Fatty esters,Fatty acyl carnitines,-0.22455322455322466,-0.445289893051907,0.021914272376352233
8674,1.7525531658971252,Mut,583.2520277629525,4.1232824,NA,CCMSLIB00004691163,biliverdin,[M+H]+,[M + Na]+,Alkaloids,Histidine alkaloids,Imidazole alkaloids,0.24320124320124326,0.008760189275711395,0.45229931935397655
10827,1.7514082930280566,Mut,399.3274350998656,4.8434434,387,CCMSLIB00012717981,candidate asparagine-c18:0 (delta mass:266.265),M+H,[M + H]+,Fatty acids,Fatty Acids and Conjugates,Cholestane steroids,0.14685314685314685,0.006583873377144165,0.28145487712615425
6995,1.7513340581836816,WT,500.3017600576681,3.5705588,341,CCMSLIB00005465537,"""2-((4r)-4-((3r,5r,6s,9s,10r,13r,14s,17r)-3,6-dihydroxy-10,13-dimethylhexadecahydro-1h-cyclopenta[a]phenanthren-17-yl)pentanamido)ethane-1-sulfonic acid""",M+H,[M + H]+,Terpenoids,Steroids,Cholane steroids,-0.19658119658119658,-0.32444503909600086,-0.06166216303909857
9680,1.7397471970831082,WT,616.1739483041496,4.4463406,12,CCMSLIB00003139157,hemin cation,Cat,[M + H]+,Shikimates and Phenylpropanoids,Tryptophan alkaloids,Phenazine alkaloids,-0.25874125874125886,-0.472603425252837,-0.01609917986806565
6836,1.693639380534879,Mut,153.05410934419874,3.5173554,210,CCMSLIB00010111341,vanillin collisionenergy:102040,M+H,[M + H]+,Shikimates and Phenylpropanoids,Phenylpropanoids (C6-C3),Cinnamic acids and derivatives,0.1554001554001553,-0.03874664396906072,0.33824114131400823
8579,1.6326523215094155,Mut,533.3231276048027,3.9650924,NA,CCMSLIB00010222600,"""candidate trihydroxylated bile acid (delta mass 124.032; sirius atomic difference: 2c, 8h, 2n, 2o, 1s; buddy atomic difference: 2c, 8h, 2n, 2o, 1s; spectral library match to ccmslib00006680127, taurocholic acid)""",M+H,[M + H]+,Terpenoids,Steroids,Pregnane steroids,0.14685314685314685,0.0012572369285569049,0.28635225258005365
6935,1.6300119094821668,WT,515.3126515244327,3.649383,NA,CCMSLIB00010223465,"""candidate trihydroxylated bile acid (delta mass 106.0198; sirius atomic difference: 2c, 6h, 2n, 1o, 1s)""",M+H,[M + H]+,Terpenoids,Steroids,Cholane steroids,-0.18414918414918427,-0.34648396673830495,-0.011105367718320956
2912,1.6245283533866652,Mut,283.17385015423093,1.8600508,588,CCMSLIB00003134614,hexaethylene glycol,M+H,[M + H]+,Fatty acids,Glycerolipids,Monoacylglycerols,0.2696192696192696,-0.003858914625631954,0.5055735019293163
1068,1.6223182619092742,Mut,189.12257077742672,0.32296348,NA,CCMSLIB00012473696,proline_c3:0 (chimeric precursor selection),[M+NH4]+,[M + H]+,Amino acids and Peptides,Small peptides,Dipeptides,0.2276612276612278,-0.04629148556926994,0.46976403697209634
15655,1.6136993192420934,Mut,813.678079989053,6.617992,NA,CCMSLIB00003135664,n-tetracosenoyl-4-sphingenyl-1-o-phosphorylcholine,M+H,[M + H3N + H]+,Fatty acids,Sphingolipids,Glycerophosphocholines,0.17016317016317029,-0.018118042236215433,0.34678922402845824
361,1.60154311525122,Mut,162.1117687844602,0.2550452,514,CCMSLIB00006679654,carnitine,M+H,[M + H]+,Fatty acids,Fatty Acids and Conjugates,Fatty acyl carnitines,0.2634032634032634,-0.008089813781502855,0.49872965160542765
16605,1.5427127734278363,Mut,810.5918966381113,6.9711304,441,CCMSLIB00003138207,"1-octadecanoyl-2-(5z,8z,11z,14z-eicosatetraenoyl)-sn-glycero-3-phosphocholine",M+H,[M + Na]+,Fatty acids,Glycerophospholipids,Glycerophosphocholines,0.18259518259518273,-0.06455818945494357,0.40864228433707317
15035,1.541487467295347,Mut,813.6783110891531,6.4432507,NA,CCMSLIB00010095073,sm(d18:1/24:1); [m+h]+ c47h94n2o6p1,M+H,[M + H3N + H]+,Fatty acids,Sphingolipids,Glycerophosphocholines,0.12198912198912201,-0.058685257984798414,0.29492521596293764
7746,1.5234412464599154,WT,483.3409865564198,3.8008924,460,CCMSLIB00010225064,"""candidate trihydroxylated bile acid (delta mass 74.0479; sirius atomic difference: 2c, 6h, 2n, 1o; buddy atomic difference: 2c, 6h, 2n, 1o)""",M+H,[M + H3N + H]+,Terpenoids,Steroids,Cholane steroids,-0.055167055167055154,-0.15968555497660808,0.0505745749147165
5986,1.522292324640752,WT,514.2811328695988,3.3901284,NA,CCMSLIB00010223537,"""candidate tetrahydroxylated bile acid (delta mass 88.9945; sirius atomic difference: 2c, 3h, 1n, 1o, 1s; buddy atomic difference: 11c, -5h, 3n, -5o)""",M+H,[M + H]+,Terpenoids,Steroids,Pregnane steroids,-0.13752913752913762,-0.3185490051323777,0.053168829032975554
7012,1.5208722454929637,WT,1031.5853278786087,3.5741787,91,CCMSLIB00005435565,taurocholic acid,2M+H,NA,NA,NA,NA,-0.15073815073815078,-0.2740111730142272,-0.02259199065737638
7016,1.5102331220839185,WT,498.2858996753164,3.5813549,91,CCMSLIB00010224385,"""candidate trihydroxylated bile acid (delta mass 88.9927; sirius atomic difference: 2c, 3h, 1n, 1o, 1s; spectral library match to ccmslib00005435562, taurocholic acid)""",M+H,[M + H]+,Terpenoids,Steroids,Pregnane steroids,-0.15073815073815064,-0.30289715187758304,0.008914779766589262
6420,1.4804837639003514,WT,536.2631338959828,3.39819,257,CCMSLIB00011430006,"(((7a,12a)-7,12-dihydroxy-3-oxo-24-oxocholan-24-yl)amino)ethanesulfonic acid",M+Na,[M + H]+,Amino acids and Peptides,Fatty amides,N-acyl amines,-0.14219114219114215,-0.31776522491573206,0.04281072725664009
7104,1.4549172100509908,WT,538.2784381673325,3.6014876,91,CCMSLIB00003136458,taurocholic acid,M+Na,[M + H]+,Terpenoids,Steroids,Cholane steroids,-0.20046620046620048,-0.4453040328733863,0.07226476981477067
1315,1.4489674601261495,Mut,132.10145160393049,0.5568336,NA,CCMSLIB00005884649,norleucine,M+H,[M + H]+,Amino acids and Peptides,Small peptides,Aminoacids,0.2836052836052836,0.0057148758823043965,0.5208327356379397
1828,1.4162367913440064,Mut,192.06819748455072,1.1813903,NA,CCMSLIB00012716062,candidate methionine-c2:0 (delta mass:42.0108),M+H,[M + H]+,Amino acids and Peptides,Small peptides,Dipeptides,0.2323232323232324,-0.040343555357863034,0.4727866801805074
9257,1.4100632218512785,WT,344.27782075833983,4.288631,NA,CCMSLIB00005884389,lauroylcarnitine,M+H,[M + H]+,Fatty acids,Fatty esters,Fatty acyl carnitines,-0.2369852369852371,-0.4763535432291448,0.03508740660828368
7722,1.3863157134743507,WT,516.2965148952048,3.5849388,91,CCMSLIB00005465582,"""2-((4r)-4-((3r,5s,7r,9s,10s,12s,13r,14s,17r)-3,7,12-trihydroxy-10,13-dimethylhexadecahydro-1h-cyclopenta[a]phenanthren-17-yl)pentanamido)ethane-1-sulfonic acid""",M+H,[M + H]+,Terpenoids,Steroids,Cholane steroids,-0.17016317016317015,-0.38330300990219063,0.06018359110270222
17614,1.38627904344417,WT,744.5853402863379,6.992262,NA,CCMSLIB00006678077,paf (o-16:0/18:2),M+H,[M + H]+,Fatty acids,Glycerophospholipids,Glycerophosphocholines,-0.1608391608391608,-0.34054646363410607,0.030205314163016014
6441,1.3671925919585082,Mut,613.2792279492378,3.4684165,NA,CCMSLIB00010220827,"""candidate trihydroxylated bile acid (delta mass 203.9886; sirius atomic difference: 5c, 4h, 2n, 5o, 1s)""",M+H,[M + H]+,Terpenoids,Steroids,Pregnane steroids,0.1282051282051282,0.010560626239276307,0.24234891383602872
10685,1.3534917361213181,WT,412.3216385922122,4.6807027,NA,CCMSLIB00012297291,benzethonium,[M]+,[M + H]+,Alkaloids,Pseudoalkaloids,Phenylalanine-derived alkaloids,-0.12198912198912196,-0.29119799457935497,0.054620933151597315
11070,1.313098513216905,WT,502.2908417259724,4.970618,70,CCMSLIB00010057309,pe(20:4/0:0); [m+h]+ c25h45n1o7p1,M+H,NA,NA,NA,NA,-0.26029526029526034,-0.49160156578371195,0.005319869206377083
8517,1.300520189754994,WT,424.303829939935,3.9244404,259,CCMSLIB00010234126,"""candidate tetrahydroxylated bile acid (delta mass -0.9837; buddy atomic difference: 1c, -3h, 5n, -5o)""",M+H,[M + H3N + H]+,Terpenoids,Steroids,Cholane steroids,-0.12665112665112666,-0.3504688829768856,0.11085096842178263
11808,1.2804227758449545,WT,478.2908672491866,4.9542828,453,CCMSLIB00000845585,ncgc00380283-01!4-[5-[[4-[5-[acetyl(hydroxy)amino]pentylamino]-4-oxobutanoyl]-hydroxyamino]pentylamino]-4-oxobutanoic acid,M+NH4,[M + H]+,Fatty acids,Glycerophospholipids,Glycerophosphoethanolamines,-0.24164724164724163,-0.4536239247485677,-0.003791794363237402
11656,1.2786273393255274,Mut,400.3404721611175,5.129971,NA,CCMSLIB00003135535,palmitoylcarnitine,M+H,[M + H]+,Fatty acids,Fatty esters,Fatty acyl carnitines,0.2012432012432013,-0.02764534828330746,0.41008065299594926
3011,1.2779558404258609,WT,310.16322499548073,2.096624,NA,CCMSLIB00000222418,"massbank:pb006005 sinapine|2-[(e)-3-(4-hydroxy-3,5-dimethoxyphenyl)prop-2-enoyl]oxyethyl-trimethylazanium",[M]+,[M + H]+,Shikimates and Phenylpropanoids,Phenylpropanoids (C6-C3),Cinnamic acids and derivatives,-0.17560217560217553,-0.4105973852584238,0.0812673380047537
17223,1.2754936745682797,WT,766.5688366265819,6.9951715,185,CCMSLIB00003138233,eicosapentaenoyl paf c-16,M+H,[M + Na]+,Fatty acids,Glycerophospholipids,Glycerophosphocholines,-0.09090909090909086,-0.23362379419607965,0.05563997523470919
6788,1.2702480384013317,Mut,563.3336071897689,3.5011928,556,CCMSLIB00010221927,"""candidate trihydroxylated bile acid (delta mass 154.0406; sirius atomic difference: 6h, 6n, 4o; buddy atomic difference: 12c, 2h, 4n, -3o)""",M+H,[M + H3N + H]+,Terpenoids,Steroids,Cholane steroids,0.12043512043512045,-0.012874467830748205,0.24953815543568073
11908,1.2637168545505504,WT,426.35588175138986,5.2285624,NA,CCMSLIB00003140237,oleoyl carnitine,M+H,[M + H]+,Alkaloids,Ornithine alkaloids,Polyamines,-0.13131313131313133,-0.36547053861956585,0.11847471871807985
452,1.2450271994479303,Mut,204.12226385110603,0.26932466,610,CCMSLIB00005884989,acetylcarnitine,M+H,[M + H]+,Fatty acids,Fatty esters,Fatty acyl carnitines,0.15151515151515152,-0.10705880828225205,0.39089186250216684
10402,1.24398935470058,Mut,332.2780008472177,4.6955996,149,CCMSLIB00003135619,"decynediol, tetramethyl, di(2-hydroxyethyl) ether",M+NH4,[M + H3N + H]+,Fatty acids,Fatty Acids and Conjugates,Hydroxy fatty acids,0.135975135975136,-0.13116547476194673,0.3847053601607269
7001,1.2077667680517123,WT,1048.6115293361115,3.5793355,91,CCMSLIB00010217507,"""candidate trihydroxylated bile acid (delta mass 639.3203; sirius atomic difference: 31c, 45h, 9n, 4o, 1s; buddy atomic difference: 40c, 41h, 5n, 3o)""",M+H,NA,NA,NA,NA,-0.051282051282051266,-0.1758277367982156,0.07487946022092878
13412,1.1980647575962133,WT,372.3455772844128,5.5299854,133,CCMSLIB00010246346,"""candidate trihydroxylated bile acid (delta mass -36.9465; sirius atomic difference: -2c, 5h, 1n, -2o; buddy atomic difference: -2c, 5h, 1n, -2o)""",M+H,[M + H]+,Fatty acids,Fatty amides,Branched fatty acids,-0.19968919968919976,-0.4456561099270902,0.07431176573366531
16539,1.1956118490998626,WT,744.5853935879601,6.937248,212,CCMSLIB00006678077,paf (o-16:0/18:2),M+H,[M + H]+,Fatty acids,Glycerophospholipids,Glycerophosphocholines,-0.128982128982129,-0.3053523583767869,0.055944067819971875
5900,1.1947290196994487,WT,480.2759162022804,3.2927434,NA,CCMSLIB00010225983,"""candidate trihydroxylated bile acid (delta mass 70.9831; buddy atomic difference: 2c, 1h, 1n, 1s; spectral library match to ccmslib00005465497, """"2-((4r)-4-((3r,5r,6s,7s,9s,10r,13r,17r)-3,6,7-trihydroxy-10,13-dimethylhexadecahydro-1h-cyclopenta[a]phenanthren-17-yl)pentanamido)ethane-1-sulfonic acid"""")""",M+H,[M + H]+,Terpenoids,Steroids,Cholane steroids,-0.1266511266511266,-0.2593919550194211,0.010786165156902203
6417,1.1691249880949275,WT,517.3296698551263,3.5737932,341,CCMSLIB00010223265,"""candidate dihydroxylated bile acid (delta mass 124.0294; buddy atomic difference: 2c, 8h, 2n, 2o, 1s; spectral library match to ccmslib00006680044, tauroursodeoxycholic acid)""",M+H,[M + H3N + H]+,Terpenoids,Steroids,Cholane steroids,-0.1173271173271173,-0.3156234644530569,0.09078822586358241
3664,1.1661469899186874,WT,251.1015133397195,2.4307969,NA,CCMSLIB00012716580,candidate kynurenine-c2:0 (delta mass:42.0104),M+H,[M + H]+,Amino acids and Peptides,Small peptides,Dipeptides,-0.2292152292152293,-0.4632849250619103,0.034749845921393976
15800,1.1635304371475315,WT,744.586271696316,6.6390314,NA,CCMSLIB00006678077,paf (o-16:0/18:2),M+H,[M + H]+,Fatty acids,Glycerophospholipids,Glycerophosphocholines,-0.09712509712509715,-0.25060124145568813,0.06111350396890164
10860,1.1613308034540313,WT,410.3231373324048,4.861448,474,CCMSLIB00010235768,"""candidate dihydroxylated bile acid (delta mass 17.0266; sirius atomic difference: 3h, 1n; buddy atomic difference: 3h, 1n)""",M+H,[M + H3N + H]+,Terpenoids,Steroids,Cholane steroids,-0.10023310023310031,-0.3288514064684025,0.13948294608692194
6444,1.154422201349482,WT,1032.588544445285,3.3856597,91,CCMSLIB00010217538,"""candidate trihydroxylated bile acid (delta mass 623.3021; sirius atomic difference: 20c, 41h, 13n, 10o; buddy atomic difference: 42c, 41h, 1n, 4o)""",M+H,NA,NA,NA,NA,-0.07692307692307689,-0.19263223061584275,0.04089590475257263
560,1.1527144870647503,WT,175.10696219091423,0.3088714,NA,CCMSLIB00003135748,arginine,M+H,[M + H]+,Amino acids and Peptides,Small peptides,Dipeptides,-0.26495726495726496,-0.5082202099999078,0.017460513152492925
9673,1.148930382450106,Mut,415.20832811167,4.5227647,NA,CCMSLIB00006126983,austinoneol,M+H,[M + H]+,Terpenoids,Meroterpenoids,Tetraketide meroterpenoids,0.030303030303030408,-0.2513675653869009,0.30724167632021115
7005,1.1456468221376628,WT,1082.664020284071,3.5847943,91,CCMSLIB00010217482,"""candidate trihydroxylated bile acid (delta mass 673.3751; sirius atomic difference: 24c, 47h, 15n, 8o; buddy atomic difference: 44c, 51h, 1n, 5o)""",M+H,NA,NA,NA,NA,-0.006216006216006171,-0.1292148891957381,0.11697125259220632
2516,1.136901094634772,Mut,204.12228612875137,1.8633618,NA,CCMSLIB00005884989,acetylcarnitine,M+H,[M + H]+,Fatty acids,Fatty esters,Fatty acyl carnitines,0.1857031857031858,-0.08553993368072368,0.4313188533558493
6439,1.1344377596627564,WT,514.2802637469985,3.4402127,262,CCMSLIB00010223537,"""candidate tetrahydroxylated bile acid (delta mass 88.9945; sirius atomic difference: 2c, 3h, 1n, 1o, 1s; buddy atomic difference: 11c, -5h, 3n, -5o)""",M+H,[M + H]+,Terpenoids,Steroids,Cholane steroids,-0.1025641025641026,-0.27446370870419906,0.07568774530492285
8829,1.1280290263448252,WT,355.26157307792545,4.177861,108,CCMSLIB00010249281,"""candidate trihydroxylated bile acid (delta mass -54.0323; sirius atomic difference: -6h, -3o; buddy atomic difference: -6h, -3o; spectral library match to ccmslib00003139523, cholic acid)""",M+H,[M - H6O3 + H]+,Terpenoids,Steroids,Cholane steroids,-0.07847707847707845,-0.2711812880071741,0.12027580825248008
6946,1.1226585395393336,WT,531.3077244455312,3.3542585,257,CCMSLIB00010222809,"""candidate tetrahydroxylated bile acid (delta mass 106.02; sirius atomic difference: 8c, 4h, -1o; buddy atomic difference: 11c, -2h, 4n, -5o)""",M+H,[M + H3N + H]+,Terpenoids,Steroids,Cholane steroids,-0.104895104895105,-0.34212829059540995,0.14490894551107478
8870,1.103201995299587,WT,288.2519293332673,4.1883044,NA,CCMSLIB00005772324,"massbank:au284606 lauryl diethanolamide|n,n-bis(2-hydroxyethyl)dodecanamide",M+H,[M + H]+,Fatty acids,Fatty amides,N-acyl ethanolamines (endocannabinoids),-0.1600621600621602,-0.3954202003020722,0.09502008634765648
555,1.0991703413533611,Mut,166.08558706063803,0.5006471,151,CCMSLIB00005885031,phenylalanine,M+H,[M + H]+,Amino acids and Peptides,Small peptides,Aminoacids,0.17793317793317787,-0.087132569070635435,0.4194702947525296
2676,1.0607556466959667,WT,127.07501455495556,1.88627,NA,CCMSLIB00006672992,1_cyclohexene_1_carboxylicacid,M+H,[M - H4O2 + H]+,Fatty acids,Fatty Acids and Conjugates,Dicarboxylic acids,-0.09557109557109561,-0.32639143981810276,0.14600574783600495
7057,1.052812901195669,WT,533.3233288836267,3.5945437,91,CCMSLIB00010222692,"""candidate trihydroxylated bile acid (delta mass 124.03; sirius atomic difference: 2c, 8h, 2n, 2o, 1s; buddy atomic difference: 11c, 4n, -4o; spectral library match to ccmslib00006680127, taurocholic acid)""",M+H,[M + H3N + H]+,Terpenoids,Steroids,Cholane steroids,-0.10800310800310806,-0.34904871088060374,0.14644742347522732
1218,1.048290965797934,Mut,162.11177626308742,0.54457575,NA,CCMSLIB00006679654,carnitine,M+H,[M + H]+,Amino acids and Peptides,Small peptides,Aminoacids,0.14996114996114984,-0.12514595997829994,0.4036542825098356
13207,1.0461961344912056,WT,524.3687754598544,5.692458,181,CCMSLIB00003134705,paf c-16,M+H,[M + H]+,Fatty acids,Glycerophospholipids,Glycerophosphocholines,-0.1111111111111113,-0.3352043355329423,0.12488106925389451
521,1.0386253612158793,WT,383.1140598140334,0.29481924,NA,CCMSLIB00003137295,.beta.-glucose,2M+Na,[M + Na]+,Carbohydrates,Saccharides,Disaccharides,-0.23543123543123545,-0.4711316500520357,0.03164986672779797
3331,1.0268832277471076,Mut,172.13246309270826,2.477591,NA,CCMSLIB00000004260,adeninehcl,M+H,[M + H]+,Amino acids and Peptides,Small peptides,Aminoacids,0.2183372183372183,-0.05172446882815749,0.4586414850151671
1275,1.021535045422748,WT,146.08063391179147,0.5286761,NA,CCMSLIB00012715428,candidate glycine-c4:0 (delta mass:70.0421),M+H,[M + H3N + H]+,Fatty acids,Fatty esters,Lactones,-0.15462315462315457,-0.4055058872380824,0.11792287452646245
3508,1.0073786411261887,Mut,223.09326343670244,2.3939667,547,CCMSLIB00010128652,"2,5-diphenyl-1h-tetrazole-2-ium",M+,[M + Na]+,Fatty acids,Fatty Acids and Conjugates,Oxo fatty acids,0.19191919191919207,-0.08627629348063885,0.4423504604412307
