ID,VIP,GroupContrib,mz,RT,SpectrumID,Compound_Name,EffectSize,LowerLimitCI,UpperLimitCI,Category
325,2.97,Mut,188.1755,0.2208,CCMSLIB00012715944,spermidine-C2:0,0.6613,0.4259,0.8129,N-Acyl Lipds
10193,2.81,Mut,409.3057,5.3846,CCMSLIB00012718059,glutamine-C18:2,0.6244,0.3799,0.7873,N-Acyl Lipds
11797,2.35,Mut,442.3313,6.4677,CCMSLIB00010011050,leucine-C22:6,0.4622,0.2205,0.6504,N-Acyl Lipds
10593,1.8,Mut,368.2791,5.6203,CCMSLIB00012717564,serine-C18:2,0.3487,0.0833,0.568,N-Acyl Lipds
10490,1.75,Mut,385.3056,5.5782,CCMSLIB00010010751,glutamine-C16:0,0.358,0.0851,0.5809,N-Acyl Lipds
11904,1.66,WT,418.3314,6.525,CCMSLIB00012718109,leucine-C20:4,-0.3076,-0.4894,-0.1,N-Acyl Lipds
9253,1.5,WT,409.3419,4.5515,CCMSLIB00012718062,lysine-C18:2,-0.3008,-0.4868,-0.0887,N-Acyl Lipds
9428,1.39,Mut,394.306,4.6783,CCMSLIB00010010754,histidine-C16:0,0.3328,0.0766,0.5477,N-Acyl Lipds
12299,1.38,Mut,404.3156,6.7737,CCMSLIB00012718021,phenylalanine-C16:0,0.2857,0.0198,0.5139,N-Acyl Lipds
10894,1.27,Mut,338.2685,5.886,CCMSLIB00010010949,glycine-C18:2,0.3008,0.0352,0.5268,N-Acyl Lipds
11906,1.18,Mut,428.3158,6.5332,CCMSLIB00012718158,phenylalanine-C18:2,0.3345,0.0496,0.569,N-Acyl Lipds
1012,1.16,Mut,204.0865,0.3608,CCMSLIB00012716138,aminoadipic acid-C2:0,0.2807,-0.003,0.5226,N-Acyl Lipds
9314,1.15,WT,457.3416,4.595,CCMSLIB00010011051,lysine-C22:6,-0.2218,-0.4514,0.0352,N-Acyl Lipds
11647,1.12,WT,380.3155,6.3774,CCMSLIB00012717711,valine-C18:2,-0.2798,-0.4863,-0.0438,N-Acyl Lipds
11459,1.11,WT,446.3262,6.2608,CCMSLIB00012718325,tyrosine-C18:1,-0.2168,-0.4533,0.0483,N-Acyl Lipds
10890,1.1,WT,362.2686,5.8701,CCMSLIB00012717549,glycine-C20:4,-0.2319,-0.4797,0.0501,N-Acyl Lipds
10736,1.1,WT,382.2947,5.7713,CCMSLIB00010010958,threonine-C18:2,-0.2714,-0.4716,-0.0447,N-Acyl Lipds
10701,1.09,Mut,411.3213,5.7392,CCMSLIB00010010922,glutamine-C18:1,0.2403,-0.0375,0.4837,N-Acyl Lipds
,,,,,,,,,,
1135,1.19,WT,237.0866,0.5094,CCMSLIB00006126861,formyl-kynurenine,-0.2706,-0.5062,0.0025,Neurotransmitters
616,2.02,Mut,147.0763,0.2795,CCMSLIB00006682241,glutamine,0.4286,0.1778,0.6271,Neurotransmitters
1129,1.48,Mut,209.0918,0.5083,CCMSLIB00006679136,kynurenine,0.2924,0.0144,0.5285,Neurotransmitters
1856,1.41,Mut,205.097,1.0218,CCMSLIB00000222459,tryptophan,0.3109,0.0276,0.548,Neurotransmitters
911,2.11,Mut,104.1073,0.2517,CCMSLIB00005884704,4-aminobutanoate (GABA),0.4588,0.1854,0.6663,Neurotransmitters
,,,,,,,,,,
252,1.71,Mut,146.1651,0.2134,CCMSLIB00012361980,spermidine,0.3765,0.0972,0.6008,Polyamines
267,2.58,Mut,203.2229,0.2146,CCMSLIB00005884402,spermine,0.6067,0.3581,0.775,Polyamines
,,,,,,,,,,
951,1.86,Mut,184.0603,0.4126,CCMSLIB00005464269,4-pyridoxate,0.4756,0.2067,0.6778,B Vitamins
1330,1.01,WT,123.0554,0.4746,CCMSLIB00006120400,nicotinamide,-0.2134,-0.4517,0.0533,B Vitamins
1239,1.61,Mut,242.0995,0.5769,CCMSLIB00010102920,pantothenic acid,0.3277,0.053,0.5563,B Vitamins
,,,,,,,,,,
6141,1.9,Mut,464.2052,2.614,CCMSLIB00003138983,4-hydroxynonenal glutathione,0.3983,0.1282,0.6134,Glutathione
1037,1.13,WT,308.0905,0.3767,CCMSLIB00005884540,glutathione,-0.137,-0.3008,0.0347,Glutathione
760,1.26,Mut,290.1343,0.3353,CCMSLIB00006684617,ophthalmic acid,0.2983,0.0981,0.4753,Glutathione
593,1.55,Mut,613.1581,0.3394,CCMSLIB00005724008,oxidized glutathione,0.4134,0.1344,0.6317,Glutathione
,,,,,,,,,,
9125,1.37,Mut,616.1755,4.4347,CCMSLIB00003139157,hemin cation,0.3,0.0316,0.5281,Heme
,,,,,,,,,,
629,2.24,Mut,118.0864,0.2816,CCMSLIB00005883853,valine,0.4639,0.1938,0.6686,Amino Acids
738,1.94,Mut,150.0583,0.3287,CCMSLIB00005884997,methionine,0.4403,0.1718,0.648,Amino Acids
601,1.78,Mut,132.1019,0.3613,CCMSLIB00005884648,norleucine,0.4101,0.1354,0.6262,Amino Acids
396,1.19,Mut,133.0971,0.2343,CCMSLIB00000577961,ornithine,0.4151,0.1434,0.6287,Amino Acids
857,1.19,Mut,156.0767,0.2627,CCMSLIB00005884161,histidine,0.4,0.123,0.6192,Amino Acids
1655,2.18,WT,114.0916,1.0424,CCMSLIB00003137149,6-aminocaproic acid,-0.437,-0.648,-0.1636,Amino Acids
,,,,,,,,,,
11322,2.02,Mut,300.2894,6.0787,CCMSLIB00003138556,palmitoyl ethanolamide,0.4824,0.2109,0.6848,Ethanolamides
10810,1.83,Mut,324.2893,5.8248,CCMSLIB00003137120,linoleoyl ethanolamide,0.4958,0.2255,0.6952,Ethanolamides
,,,,,,,,,,
2922,2.65,Mut,180.0653,1.8004,CCMSLIB00005883437,hippurate,0.5479,0.2844,0.7344,Hippurate
,,,,,,,,,,
9922,3.28,WT,546.3544,5.1583,CCMSLIB00010066644,LysoPC(20:3),-0.7294,-0.8901,-0.4072,Lipids
9831,3.1,WT,494.3234,4.8119,CCMSLIB00010055762,LysoPC(16:1),-0.6824,-0.8258,-0.4559,Lipids
10040,2.81,Mut,482.3598,5.269,CCMSLIB00003138765,LysoPC(16:0),0.6151,0.345,0.7911,Lipids
9300,2.79,WT,468.3079,4.6686,CCMSLIB00003139823,LysoPC(14:0),-0.6252,-0.7945,-0.3657,Lipids
9836,2.69,WT,508.3392,5.0456,CCMSLIB00010083916,LysoPC(17:1),-0.6437,-0.8192,-0.3581,Lipids
9486,2.58,WT,518.3237,4.7679,CCMSLIB00010091589,LysoPC(18:3),-0.642,-0.8116,-0.3727,Lipids
9965,2.53,WT,520.3391,4.9731,CCMSLIB00010076324,LysoPC(18:2),-0.5983,-0.7796,-0.3245,Lipids
9951,2.07,WT,568.3389,4.982,CCMSLIB00010079074,LysoPC(22:6),-0.5294,-0.7196,-0.2652,Lipids
10889,2.05,Mut,538.3862,5.9684,CCMSLIB00010056995,LysoPC(19:0),0.4773,0.2491,0.6553,Lipids
10131,1.96,WT,548.3702,5.4209,CCMSLIB00010096583,LysoPC(20:2),-0.4874,-0.6877,-0.2181,Lipids
10415,1.93,WT,536.3703,5.524,CCMSLIB00010094317,LysoPC(19:1),-0.4412,-0.644,-0.1803,Lipids
10146,1.91,WT,572.3701,5.3562,CCMSLIB00010101053,LysoPC(22:4),-0.4176,-0.6205,-0.1625,Lipids
9678,1.47,WT,482.3234,4.904,CCMSLIB00003137411,LysoPC(15:0),-0.3647,-0.5897,-0.0872,Lipids
9956,1.29,WT,544.339,4.9891,CCMSLIB00010081764,LysoPC(20:4),-0.4084,-0.6131,-0.1523,Lipids
10139,1.04,WT,510.3547,5.4002,CCMSLIB00003139206,LysoPC(17:0),-0.2622,-0.4992,0.0113,Lipids
9689,2.59,WT,522.3453,4.9455,CCMSLIB00003136940,LysoPC(18:1),-0.6555,-0.8239,-0.3805,Lipids
9713,1.34,WT,542.3226,4.7913,CCMSLIB00010067534,LysoPC(20:5),-0.3832,-0.6003,-0.1135,Lipids
9889,2.44,Mut,476.2741,5.1136,CCMSLIB00003137091,LysoPE(16:0),0.5008,0.2379,0.6954,Lipids
10564,2.29,Mut,504.3053,5.6276,CCMSLIB00003136028,LysoPE(20:3),0.4983,0.2387,0.6915,Lipids
10449,1.84,Mut,482.3235,5.6266,CCMSLIB00010101705,LysoPE(18:0),0.4286,0.1489,0.6448,Lipids
9565,1.48,WT,452.2765,4.781,CCMSLIB00010086490,LysoPE(16:1),-0.3513,-0.5635,-0.0956,Lipids
9318,2.93,Mut,300.2893,4.5926,CCMSLIB00003136887,erythro-c18-sphingosine,0.6353,0.4094,0.7878,Lipids
10117,1.36,Mut,279.2317,5.333,CCMSLIB00003134812,9(10)-EpOME,0.2403,-0.0303,0.4781,Lipids
,,,,,,,,,,
1440,2.77,Mut,384.1143,0.7261,CCMSLIB00005467722,succinoadenosine,0.5782,0.3272,0.7529,Energy
2514,2.15,WT,299.0803,1.5584,CCMSLIB00012444456,5'-methylthioinosine,-0.3597,-0.5457,-0.1399,Energy
2636,1.96,WT,360.1492,1.5608,CCMSLIB00003139362,lactulose,-0.4521,-0.6631,-0.1746,Energy
2392,1.79,WT,198.0971,1.3058,CCMSLIB00003134887,fructose,-0.3899,-0.6091,-0.1155,Energy
2034,1.63,WT,428.0358,1.1232,CCMSLIB00003134587,ADP,-0.2462,-0.4979,0.0437,Energy
2005,1.49,WT,163.0599,1.0935,CCMSLIB00003138494,mannose,-0.3378,-0.5548,-0.0778,Energy
2475,1.45,WT,608.0872,1.3741,CCMSLIB00006680133,UDP-acetylglucosamine,-0.2261,-0.4089,-0.0257,Energy
1149,1.06,Mut,464.0807,0.4831,CCMSLIB00003136665,adenylosuccinic acid,0.2,-0.0769,0.4482,Energy